"","Island","Reef","Transect","Distance","Shoot.growth","C.production","SLA","Seagrass.P","Seagrass.N","LAI","Bites.area","Seagrass.C13","Epiphytes.area","Seagrass.C","Shoot.density","Shoot.area","Shoot.growth.biomass"
"1","Haiti","H1","1",1,55.232,0.384091686928248,20.1028883261182,0.0862,1.29,10451.9,0.00391275105097141,-8.739,0.0217327130001682,37.05,475,2200.4,2.18249413696
"2","Haiti","H1","1",12,52.9166666666667,0.370076284682438,22.7614763406735,0.0927,1.28,8689.33333333332,0.0034722747858877,-8.415,0.00839843515351376,37.26,475,1829.33333333333,2.09100367083333
"3","Haiti","H1","1",2,51.6614389010358,0.361757080213798,20.1626574485032,0.1169,1.37,9572.99999999999,0.00208298303546917,-9.258,0.0056661920421974,39.38,450,2127.33333333333,2.0414033080176
"4","Haiti","H1","1",20,32.7616666666667,0.244740016495709,23.66872233213,0.076,1.27,10410.4166666666,0.00276559478075954,-9.098,0.0228691710467675,37.81,500,2082.08333333333,1.29457824118333
"5","Haiti","H1","1",3,56.9014870251146,0.374880776031652,24.714063738951,0.1039,1.44,7727.03125,0.00874689741262012,-9.448,0.00358079635089976,39.23,425,1818.125,2.24846396684201
"6","Haiti","H1","1",4,76.89,0.513808715154537,22.3828969498477,0.0996,1.24,10746,0.00376309617973162,-9.186,0.00800473449368166,37.58,450,2388,3.0383106567
"7","Haiti","H1","1",6,78.4433333333333,0.461481946944637,23.2147415186435,0.0787,1.27,12266,0.00424623000379711,-9.184,0.00821520829738202,37.22,400,3066.5,3.09969066996667
"8","Haiti","H1","2",1,75.4175,0.410027917483752,22.5802787225525,0.101,1.17,10732.5,0.0032684852669154,-9.1,0.0144396634570863,36.69,375,2862,2.980124775025
"9","Haiti","H1","2",12,75.4,0.54769431938715,24.9666772978633,0.0904,1.37,12177.4166666667,0.00422644498859576,-9.194,0.0099269526332484,38.7,475,2563.66666666667,2.979433262
"10","Haiti","H1","2",2,67.945,0.382288896172123,20.8810533383726,0.0817,1.28,10700.625,0.00478525529290339,-9.638,0.0165182121749431,37.97,375,2853.5,2.68484871335
"11","Haiti","H1","2",20,35.6683333333333,0.253571497935445,18.659819365337,0.0841,2.33,7001.24999999998,0.00497673212767192,-9.497,0.0103300284741901,39.98,450,1555.83333333333,1.40943526171667
"12","Haiti","H1","2",3,51.29,0.387611326213875,21.8496771815803,0.0721,2.22,10401.25,0.00408281726190435,-9.304,0.0167006609330077,38.25,500,2080.25,2.0267258887
"13","Haiti","H1","2",4,112.898,0.798671728508326,19.0187353821743,0.094,1.66,16764.65,0.00481170154168985,-9.2,0.00795231606629964,37.69,475,3529.4,4.46116785694
"14","Haiti","H1","2",6,77.5,0.3638761295065,21.4244255550144,0.055,1.17,11716.25,0.00180554008671686,-9.019,0.0129586775449762,36.56,325,3605,3.062414825
"15","Haiti","H1","3",1,82.4,0.59018953343472,20.8381813995658,0.1169,1.79,15543.9,0.00558517991641155,-8.809,0.0122075184731557,38.16,475,3272.4,3.256038472
"16","Haiti","H1","3",12,44.7483333333333,0.259222772221503,19.9306115028685,0.1044,1.41,6264.66666666668,0.0029270766221708,-7.909,0.0144036332775105,36.65,400,1566.16666666667,1.76823173411667
"17","Haiti","H1","3",2,90.8,0.76942109523818,21.5731385711517,0.1044,1.24,15838.4285714286,0.00380577200832993,-9.122,0.0106843912844678,38.99,550,2879.71428571429,3.587964724
"18","Haiti","H1","3",20,46.234,0.257013623352774,20.3349324391866,0.0734,1.27,9727.2,0.00379556740403162,-7.626,0.0102789878935397,35.17,400,2431.8,1.82693789702
"19","Haiti","H1","3",3,62.9466666666667,0.437268051992166,19.401473270093,0.0844,1.17,12014.3333333333,0.00258269939180142,-8.333,0.0363778945485946,37.01,475,2529.33333333333,2.48733942173333
"20","Haiti","H1","3",4,58.3866666666667,0.33967028903431,22.8303908042681,0.101,1.26,8200.71428571428,0.00322069917225333,-8.769,0.00806353406127581,39.26,375,2186.85714285714,2.30715088493333
"21","Haiti","H1","3",6,87.87,0.777552582081019,19.8710832524306,0.1016,1.34,14528.75,0.00317025223336901,-7.377,0.012597003074165,35.83,625,2324.6,3.4721856861
"22","Haiti","H2","1",1,232.52,0.557621830531164,19.7748185502991,0.1145,1.32,14727.3,0.00190596424112173,-7.719,0.0259468161337747,34.68,175,8415.6,9.1880347756
"23","Haiti","H2","1",12,153.806666666667,0.494069398801605,21.9632892456866,0.1128,1.5,12088.875,0.00272564005516502,-9.509,0.00652752996273933,36.13,225,5372.83333333333,6.07767504753335
"24","Haiti","H2","1",2,64.5825,0.199590310827295,18.7494515867783,0.0893,1.28,7553.25,0.00202646750788698,-7.99,0.0179070767255626,34.76,225,3357,2.551979424975
"25","Haiti","H2","1",20,117.852,0.490374235728468,20.646005706575,0.0944,1.42,17202.5,0.00563482056931011,-8.793,0.0195031659433431,35.1,300,5734.16666666667,4.65692531556
"26","Haiti","H2","1",3,112.6875,0.402426313609922,22.6109715416138,0.1065,1.44,10248.75,0.00215699575580035,-8.481,0.0120687020551718,36.15,250,4099.5,4.452849943125
"27","Haiti","H2","1",4,77.4733333333333,0.214723866913388,19.6885870366242,0.1025,1.39,6124.5,0.00244480297320441,-8.542,0.0188113886925301,35.07,200,3062.25,3.06136109086667
"28","Haiti","H2","1",6,115.734,0.343266830100421,20.2847403426578,0.1111,1.6,7196,0.00354836066412979,-9.223,0.0117517889598832,37.53,200,3598,4.57323248202
"29","Haiti","H2","2",1,101.5425,0.358613159706141,19.1353173684862,0.1024,1.46,8911.25,0.00312815069970779,-7.602,0.0245181168744413,35.75,250,3564.5,4.012454933775
"30","Haiti","H2","2",12,135.766,0.396243948001703,23.3534649392687,0.111,1.72,10319.6,0.00595634963547076,-9.029,0.0117046272813468,36.93,200,5159.8,5.36479756298
"31","Haiti","H2","2",2,84.8366666666667,0.29768632044488,21.4630541389276,0.1238,1.55,7876.25,0.00370196698065967,-9.374,0.0104788902456578,35.52,250,3150.5,3.35232342843333
"32","Haiti","H2","2",20,108.3325,0.302478642034983,21.857065602669,0.1077,1.49,6499.75,0.00587622639521571,-8.714,0.0166159521021221,35.33,200,3249.875,4.280761987475
"33","Haiti","H2","2",3,66.75,0.211214676389569,20.8678931611929,0.1026,1.48,6586.875,0.00416094447628203,-8.633,0.00973731591626292,35.59,225,2927.5,2.6376282525
"34","Haiti","H2","2",4,115.028333333333,0.418512921014721,22.1779597945655,0.1135,1.63,11174.8214285714,0.00374292210325072,-8.565,0.015815841882465,36.83,250,4469.92857142857,4.54534804251665
"35","Haiti","H2","2",6,111.335,0.382187386011556,21.706972925768,0.1021,1.7,8796.15,0.00369158040463314,-8.753,0.0098499904231961,38.61,225,3909.4,4.39940586505
"36","Haiti","H2","3",1,135.598,0.237567376344665,20.0931251786819,0.1436,1.56,5845.125,0.00389227641535097,-7.997,0.0159976255994322,35.47,125,4676.1,5.35815903794
"37","Haiti","H2","3",12,56.665,0.221057040546939,20.9739889903081,0.0926,1.31,7214.35,0.00401241080812786,-8.364,0.0270356502721659,35.9,275,2623.4,2.23911917495
"38","Haiti","H2","3",2,93.67,0.271976877760148,20.711239808717,0.1129,1.54,8056.6,0.00471911335159221,-8.408,0.0117809918841602,36.74,200,4028.3,3.7013728601
"39","Haiti","H2","3",20,97.75,0.492770452832438,18.0132511879175,0.0989,1.4,17347.1666666667,0.00285597390331528,-8.36,0.00889706327349889,36.45,350,4956.33333333333,3.8625941825
"40","Haiti","H2","3",3,83.366,0.33636354665399,21.8472836284841,0.1111,1.42,10518.2,0.00388859344660144,-8.344,0.0120675877929336,37.13,275,3824.8,3.29420999098
"41","Haiti","H2","3",4,139.446666666667,0.772315128617346,21.0389277869638,0.0895,1.38,23847.3333333333,0.00254092807400399,-9.003,0.0208999513951458,35.04,400,5961.83333333333,5.51023921673335
"42","Haiti","H2","3",6,106.5825,0.113839836814874,20.8371166056452,0.1096,1.58,3675.9,0.00169992277465328,-7.942,0.0176561595419846,36.04,75,4901.2,4.211610684975
"43","Haiti","H3","1",1,190.665,0.75872488339744,23.49628720615,0.1941,1.73,16010.5,0.00482055735716412,-9.059,0.0118049776698733,36.62,275,5822,7.53413319495
"44","Haiti","H3","1",12,44.705,0.196613611017495,24.553013232762,0.111,1.54,7493.7,0.00639567692477989,-9.308,0.0156046964846303,37.1,300,2497.9,1.76651941615
"45","Haiti","H3","1",2,150.934,0.814331705997406,21.5561934822997,0.1335,1.54,16500.75,0.00375221744305599,-9.204,0.0140897672725576,36.41,375,4400.2,5.96416153802
"46","Haiti","H3","1",20,96.916,0.526335961613033,21.8161446004107,0.1145,1.59,11132.625,0.00613573039689252,-8.749,0.0129206317404561,36.65,375,2968.7,3.82963864748
"47","Haiti","H3","1",3,83.648,0.243141783557606,24.3541747462969,0.1344,1.53,5689,0.00607656777873592,-8.54,0.0118580492977043,36.78,200,2844.5,3.30535322944
"48","Haiti","H3","1",4,116.705,0.45223670856515,21.6938265989308,0.1053,1.52,10846.6875,0.00261494144992985,-9.793,0.0077007938782378,35.66,275,3944.25,4.61160157615
"49","Haiti","H3","1",6,70,0.52665631984,26.5218900331394,0.1138,1.56,13258.75,0.0059733220920563,-9.47,0.0110748955701083,38.08,500,2651.75,2.7660521
"50","Haiti","H3","2",1,154.0625,0.658759140117469,22.6184827346938,0.1603,1.97,12596.25,0.00455135067775087,-8.87,0.0120413498474568,36.07,300,4198.75,6.087784309375
"51","Haiti","H3","2",12,83.0033333333333,0.427843843126678,23.3306746750159,0.0913,1.66,12705.875,0.00487429963679094,-9.057,0.027211018981067,37.27,350,3630.25,3.27987920676667
"52","Haiti","H3","2",2,144.318,0.461664515208261,24.1972777440577,0.1203,1.71,7704.9,0.00718536751287675,-9.257,0.0173087676365074,35.98,225,3424.4,5.70273009954
"53","Haiti","H3","2",20,145.502,0.699227375577722,22.4794475861409,0.1111,1.87,14095.9,0.00324820565490485,-8.64,0.0188223319560698,37.42,325,4337.2,5.74951589506
"54","Haiti","H3","2",3,118.17,0.435430044618075,26.6309050954712,0.1781,1.68,8704.375,0.00800332880569949,-9.245,0.0108782040933865,37.3,250,3481.75,4.6694910951
"55","Haiti","H3","2",4,68.665,0.322217886272987,23.3085105158039,0.1486,1.69,7308.4375,0.00558370976582289,-8.954,0.0149263462204646,36.54,325,2248.75,2.71329953495
"56","Haiti","H3","2",6,116.2075,0.353579599351825,24.3683084418195,0.1079,1.78,5805,0.00365817941696138,-8.565,0.0176827142849955,38.5,200,2902.5,4.591942848725
"57","Haiti","H3","3",1,186.3725,0.890369854876808,24.9570798305379,0.1812,1.83,13743.4375,0.0130314378325812,-8.404,0.0192885224556062,37.2,325,4228.75,7.364514928675
"58","Haiti","H3","3",12,81.145,0.537336406584873,21.4254396082948,0.1074,1.63,12953.25,0.00778897535218323,-8.814,0.0194063072955817,37.24,450,2878.5,3.20644710935
"59","Haiti","H3","3",2,139,0.787637286978,23.5901947592522,0.1609,1.73,12348,0.0111760541137893,-8.631,0.0164932551784977,35.85,400,3087,5.49258917
"60","Haiti","H3","3",20,103.202,0.450459207724588,22.834411491503,0.1212,1.73,11037.3,0.00382139883316873,-9.121,0.0167694554443315,36.82,300,3679.1,4.07803012606
"61","Haiti","H3","3",3,190,0.4538123377865,19.696514009722,0.1103,1.47,7725.66666666667,0.00734989105702085,-8.453,0.0217655803280777,34.54,175,4414.66666666667,7.5078557
"62","Haiti","H3","3",4,95.5,0.3719344295744,22.7261414576376,0.1382,1.66,7818.25,0.00661641300111128,-9.021,0.0186986047357815,35.84,275,2843,3.773685365
"63","Haiti","H3","3",6,195,0.939850664351625,25.6414243181497,0.1409,1.82,20056.15625,0.00406872555672813,-9.824,0.011475122365225,37.53,325,6171.125,7.70543085
"64","Haiti","H4","1",1,139.118,0.590899611411114,23.7280793725151,0.1429,1.64,12776.1,0.005019773460349,-8.769,0.0159162962650328,35.83,300,4258.7,5.49725194354
"65","Haiti","H4","1",12,115.02,0.61494103695618,22.9682531692307,0.1239,1.37,14865.9375,0.00466135537126668,-10.875,0.00765221379664512,36.08,375,3964.25,4.5450187506
"66","Haiti","H4","1",2,138.8125,0.615204087276045,21.9296007825391,0.0972,1.25,23536.825,0.00326099067034468,-10.824,0.00798247288185324,34.51,325,7242.1,5.485180101875
"67","Haiti","H4","1",20,115.306666666667,0.325687640138284,19.1943844514419,0.1091,1.38,7897.25,0.00350573449143685,-9.78,0.0119226299795919,35.74,200,3948.625,4.55634639253335
"68","Haiti","H4","1",3,92.105,0.518560496299612,22.0446063857624,0.1056,1.3,13604.5,0.005671114114885,-10.463,0.011540377645353,35.62,400,3401.125,3.63953183815
"69","Haiti","H4","1",4,114,0.6229117717176,22.1945751274579,0.1115,1.21,27550.6666666667,0.00371160432279792,-10.599,0.0123514305909577,34.57,400,6887.66666666667,4.50471342
"70","Haiti","H4","1",6,71.5,0.466623555056588,20.7184286142263,0.0948,1.31,16133.96875,0.00248564042630568,-11.206,0.0134430278025029,34.77,475,3396.625,2.825324645
"71","Haiti","H4","2",1,77.5,0.301915821559687,19.3157983399989,0.1161,1.43,9052.3125,0.00222491327286504,-10.118,0.027803472309152,35.85,275,3291.75,3.062414825
"72","Haiti","H4","2",2,94.084,0.502869735811862,23.2640442518525,0.1035,1.29,14359.875,0.00360525001484429,-9.238,0.0105294741233811,36.07,375,3829.3,3.71773208252
"73","Haiti","H4","2",3,104.39,0.539391910282046,24.4191564634976,0.1087,1.3,15091.875,0.0032501462163747,-9.74,0.0171029403992012,34.87,375,4024.5,4.1249739817
"74","Haiti","H4","2",4,90.7766666666667,0.409308475647163,21.4403023458257,0.0956,1.19,14433.65625,0.00248603876537269,-10.499,0.0149250497875464,35.11,325,4441.125,3.58704270663333
"75","Haiti","H4","2",6,64.08,0.282186131068062,19.9230587425653,0.1011,1.28,10645.375,0.00212555126865147,-9.785,0.0108874471713834,34.29,325,3275.5,2.5321231224
"76","Haiti","H4","3",1,165.25,0.569893418697062,22.2701476593188,0.1294,1.4,10901.75,0.00939693128446684,-9.19,0.0180819979459948,34.91,250,4360.7,6.5298587075
"77","Haiti","H4","3",12,106.33,0.639971930518969,23.2460868721829,0.1102,1.31,10348.9773281486,0.0014992172200301,-9.717,0.0105219114759976,36.16,421.225228314368,2456.875,4.2016331399
"78","Haiti","H4","3",3,129.245,0.572967798673147,20.6049663954074,0.1094,1.32,15055.625,0.00801417057984528,-9.811,0.0178147786764251,34.52,325,4632.5,5.10712005235
"79","Haiti","H4","3",4,103.1875,0.531496540561594,24.549827263779,0.1072,1.24,13687.03125,0.00344656844808473,-10.528,0.0181665370539389,34.76,375,3649.875,4.077457158125
"80","Haiti","H4","3",6,85.25,0.563399345788606,22.7298996304509,0.1198,1.39,17609.675,0.00287221391862359,-9.605,0.0116558429746586,35.21,475,3707.3,3.3686563075
"81","Haiti","H5","1",1,237.566,0.251137157323257,23.7302659188811,0.1489,1.6,6224.7,0.000687233718505191,-9.655,0.00659760513462253,35.67,75,8299.6,9.38742761698
"82","Haiti","H5","1",12,106.113333333333,0.106074227537811,24.9995624817657,0.144,1.28,4110,0.00234829804682449,-10.785,0.00861869473446402,33.73,75,5480,4.19307155006665
"83","Haiti","H5","1",2,109.07,0.152484414915898,24.0860316275139,0.1308,1.4,5892.4,0.00305644049672545,-10.172,0.00643408882530509,35.38,100,5892.4,4.3099043221
"84","Haiti","H5","1",3,100.71,0.104791728712007,23.3653735968341,0.1268,1.44,4625.8125,0.00175355791159542,-10.145,0.0093154654685547,35.11,75,6167.75,3.9795586713
"85","Haiti","H5","1",4,192.97,0.195529584332872,23.1676399260554,0.1313,1.38,7278,0.00160129467008117,-10.42,0.00684546031069662,34.19,75,9704,7.6252153391
"86","Haiti","H5","1",6,272.81,0.09486483894184,23.0297206554705,0.1442,1.73,2776.15625,0.0012493228742564,-10.45,0.00639472972562982,35.2,25,11104.625,10.7800953343
"87","Haiti","H5","2",1,246.964779494394,0.876342096225662,22.6453459377204,0.1511,1.76,11044.6875,0.000788065083939413,-9.519,0.00480642658875328,35.92,250,4417.875,9.75882067066438
"88","Haiti","H5","2",12,120.7225,0.21090924126065,27.678744388978,0.1592,1.56,6042.5,0.000680142306674802,-10.901,0.005712690755684,35.37,125,4834,4.770353209175
"89","Haiti","H5","2",2,140.6775,0.191447676794493,23.3796167491306,0.1484,1.5,7200.9,0.00123356188290088,-9.428,0.00637929622624418,34.44,100,7200.9,5.558875632825
"90","Haiti","H5","2",20,155.618,0.217621955324931,22.9505067467815,0.163,1.7,4884.3,0.00130443670663692,-9.038,0.0101305788157206,35.39,100,4884.3,6.14924993854
"91","Haiti","H5","2",3,173.77,0.295603977151455,24.1530382419945,0.1277,1.44,10590.625,0.00106749639655225,-9.873,0.0154821003057644,34.44,125,8472.5,6.8665267631
"92","Haiti","H5","2",4,176.21,0.242449690451966,20.3277222772288,0.1436,1.45,8269.5,0.00133926719484684,-9.777,0.00653895280687639,34.82,100,8269.5,6.9629434363
"93","Haiti","H5","2",6,136.096666666667,0.18413805877983,23.5191943681835,0.1489,1.48,6442.5,0.00146896985149043,-9.89,0.00765223792901101,34.24,100,6442.5,5.37786386623335
"94","Haiti","H5","3",1,218.865258571953,0.309874581869493,25.8178638244474,0.1481,1.61,6698.5,0.0014137191386668,-9.703,0.00689385795296494,35.83,100,6698.5,8.64846725842848
"95","Haiti","H5","3",12,274.6,0.81885767751567,23.3331655759067,0.1214,1.56,25048.125,0.0011628167760746,-9.988,0.00908573915797523,33.54,225,11132.5,10.850827238
"96","Haiti","H5","3",2,224.9775,0.159442018389831,23.7902973082713,0.1445,1.67,4782.625,0.000793089067817321,-9.651,0.00741715748504322,35.87,50,9565.25,8.889992661825
"97","Haiti","H5","3",20,114.5625,0.198562933136648,26.1016139392697,0.1427,1.49,6774.25,0.00156571959081734,-9.787,0.00464012109972812,35.09,125,5419.4,4.526940624375
"98","Haiti","H5","3",3,182.9975,0.252511817448681,25.9810097238296,0.1565,1.5,8088.5,0.000711200166400613,-10.188,0.00675874361956563,34.92,100,8088.5,7.231151702425
"99","Haiti","H5","3",4,161.74,0.223307163669868,23.5544339232491,0.134,1.55,7469.625,0.000786189344980996,-10.095,0.00639826701095347,34.94,100,7469.625,6.3911609522
"100","Haiti","H5","3",6,101.7425,0.248498324257493,22.7587331817756,0.1491,1.48,8419.25,0.00159568345812175,-10.398,0.00597193314998831,35.32,175,4811,4.020357939775
"101","Haiti","H6","1",1,52.625,0.244255539177475,21.9100522627648,0.1135,1.28,5789,0.00479519515025988,-9.537,0.0236659407156429,33.56,350,1654,2.07947845375
"102","Haiti","H6","1",12,39.21,0.114693174754357,19.2117228093679,0.0724,1.27,3575.025,0.00213437405832439,-8.854,0.0301026593673674,32.9,225,1588.9,1.5493843263
"103","Haiti","H6","1",2,61.545,0.186974589722691,21.0280164283918,0.0915,1.33,4459.95,0.00171190826106377,-9.634,0.0234386356973851,34.17,225,1982.2,2.43195252135
"104","Haiti","H6","1",20,53.83,0.257665539551662,23.8105506122542,0.089,1.42,6793.5,0.00375487469979648,-9.784,0.0159874744883874,34.61,350,1941,2.1270940649
"105","Haiti","H6","1",3,82.934,0.393649996502162,28.0262031187778,0.0756,1.27,10858.4,0.00239198190719079,-8.914,0.019548652809395,34.32,350,3102.4,3.27713949802
"106","Haiti","H6","1",4,55.1875,0.329334708151237,22.4822534991061,0.0776,1.27,10980.5625,0.00119167165949114,-8.972,0.0217218455511725,33.56,450,2440.125,2.180735718125
"107","Haiti","H6","1",6,50.61,0.257906386623139,20.5712048063168,0.0872,1.34,5847.1875,0.00266624047044401,-8.98,0.0190852308972184,34.39,375,1559.25,1.9998556683
"108","Haiti","H6","2",1,53.7675,0.366603935996839,23.1532027199985,0.0983,1.42,10206.25,0.00324268020144027,-9.363,0.0215281479997489,34.51,500,2041.25,2.124624375525
"109","Haiti","H6","2",12,29.71,0.121085487569682,21.9917414984833,0.0996,1.38,4548,0.00111949748786707,-9.146,0.0155527302564934,34.38,300,1516,1.1739915413
"110","Haiti","H6","2",2,60.9733333333333,0.303850803427485,22.0028841632669,0.0802,1.32,8564.0625,0.00109915630144137,-9.263,0.0126412023764227,33.63,375,2283.75,2.40936309586667
"111","Haiti","H6","2",20,29.33,0.108332368260328,21.5502464546047,0.0716,1.19,3822.5,0.000280643488258745,-8.73,0.0191694126999858,33.99,275,1390,1.1589758299
"112","Haiti","H6","2",3,71.0833333333333,0.317316919754358,21.7564563307198,0.1008,1.48,6386.65625,0.00158755871599904,-9.256,0.00891591473317814,34.76,325,1965.125,2.80886004916667
"113","Haiti","H6","2",4,65.3975,0.264517092094143,22.9772569743839,0.0826,1.44,6920.4,0.000523553134089352,-8.729,0.0161205094504528,34.12,300,2306.8,2.584184174425
"114","Haiti","H6","2",6,39.58,0.217521799739592,21.6752908995935,0.0942,1.35,8586.5,0.00173766704829063,-8.954,0.0214620567873749,34.77,400,2146.625,1.5640048874
"115","Haiti","H6","3",1,65.135,0.500812237593549,21.9682089164547,0.0861,1.27,12093.975,0.00693045571636057,-9.291,0.0322114563019155,33.84,575,2103.3,2.57381147905
"116","Haiti","H6","3",12,46.75,0.181056583221525,21.7544076912518,0.0906,1.16,6193.34375,0.00440425907209554,-9.783,0.0144986513395165,35.64,275,2252.125,1.8473276525
"117","Haiti","H6","3",2,45.47,0.249963639369592,21.790517248446,0.1054,1.46,6308.8,0.00517568262709584,-9.581,0.0169873604193171,34.78,400,1577.2,1.7967484141
"118","Haiti","H6","3",20,54.28,0.252484058140106,24.3877534292709,0.093,1.22,6789.25,0.00411974245647965,-9.202,0.0175344218588495,36.22,325,2089,2.1448758284
"119","Haiti","H6","3",3,45.795,0.239341003032898,23.0476557008298,0.1037,1.4,4959.375,0.00604298142910427,-9.784,0.00979841095409497,35.27,375,1322.5,1.80959079885
"120","Haiti","H6","3",4,46.618,0.24640085678391,23.4540297886492,0.1011,1.32,6491.2,0.00114032797752114,-9.839,0.00798481714832078,33.44,400,1622.8,1.84211166854
"121","Haiti","H6","3",6,56.19,0.328966987209312,23.8718887931938,0.1111,1.46,6518.5,0.00171309253001026,-9.517,0.0105257877952578,37.04,400,1629.625,2.2203495357
"122","Haiti","H8","1",1,230.84,0.991432086893988,21.4815722455178,0.1197,1.6,18651,0.00162071255343801,-9.781,0.0100393812254715,36.23,300,6217,9.1216495252
"123","Haiti","H8","1",12,192.4,1.19616950994762,22.4352010473541,0.1385,1.57,21590.85,0.00148593240183849,-9.94,0.00706121493000801,37.02,425,5080.2,7.602691772
"124","Haiti","H8","1",2,207.2,1.39380148256076,22.5359291269416,0.1376,1.56,24732,0.00227199671675751,-9.781,0.00587628559092777,37.83,450,5496,8.187514216
"125","Haiti","H8","1",20,188.88,0.97651861668261,22.4318700935983,0.1269,1.53,15616.5,0.00150310274461836,-11.034,0.00903961352418539,34.89,375,4164.4,7.4635988664
"126","Haiti","H8","1",3,189.533333333333,1.40432154924014,20.0638892967483,0.0973,1.27,36630.375,0.000659234256254024,-10.566,0.00989359282616003,32.61,575,6370.5,7.48941535266665
"127","Haiti","H8","1",4,142.4,0.83078959645944,24.2469437509549,0.1382,1.64,16652.5625,0.00092638112303847,-9.574,0.00529195151492052,34.74,425,3918.25,5.626940272
"128","Haiti","H8","1",6,286.6,1.0775744729497,30.7042579563194,0.1342,1.49,16987.1875,0.00124683124828269,-9.536,0.00467583969122001,38.06,250,6794.875,11.325007598
"129","Haiti","H8","2",1,185.866666666667,0.497224471761868,20.7355107413694,0.0866,1.51,10111.6,0.00293449014882953,-9.219,0.0145996813506108,33.85,200,5055.8,7.34452690933335
"130","Haiti","H8","2",12,220.257142857143,1.28933169140679,21.6122051754677,0.0941,1.47,23718.2142857143,0.00258122333205682,-9.39,0.0149880662762547,32.92,450,5270.71428571429,8.70346760771429
"131","Haiti","H8","2",2,224.466666666667,0.909576540237366,23.5319613200967,0.099,1.49,16205.2916666667,0.00213443293919397,-9.917,0.00928201816094686,37.29,275,5892.83333333333,8.86980706733335
"132","Haiti","H8","2",20,162.2,0.94399932759381,20.8631996622152,0.1029,1.5,25389,0.00179228197926419,-10.21,0.0172234146932025,32.73,450,5642,6.409337866
"133","Haiti","H8","2",3,247.4,1.42883841251346,21.7322655097536,0.1177,1.51,21157.9166666667,0.00183898647800092,-9.898,0.0121977925916593,34.39,425,4978.33333333333,9.776018422
"134","Haiti","H8","2",4,253.2,1.33034216207214,24.744235324406,0.1289,1.66,20763.1666666667,0.00274479193252723,-10.252,0.00778064150746505,37.99,350,5932.33333333333,10.005205596
"135","Haiti","H8","2",6,327.8,2.10538498159836,24.8046788412491,0.1154,1.57,34960.5,0.00223504401323593,-9.589,0.00629055897124262,36.12,450,7769,12.953026834
"136","Haiti","H8","3",1,143.48,0.415228538740995,22.6146094491012,0.103,1.37,11448.375,0.00123280777321566,-9.932,0.0172231716502635,32.55,225,5088.16666666667,5.6696165044
"137","Haiti","H8","3",12,105.933333333333,0.594406155942665,22.3645958502628,0.1131,1.43,19837,0.00124326009872239,-10.108,0.0107435159124118,35.5,400,4959.25,4.18595884466665
"138","Haiti","H8","3",2,226.3,1.20955126497836,25.9797469822047,0.1184,1.62,20498.125,0.00159934517355876,-9.797,0.00348026550908787,36.07,375,5466.16666666667,8.942251289
"139","Haiti","H8","3",20,189.6,0.9965362591251,24.8578492692726,0.125,1.53,18898.5,0.0021399670321989,-9.376,0.0106953674459998,35.47,375,5039.6,7.492049688
"140","Haiti","H8","3",3,324.5,1.91554022606856,21.8132350041416,0.1028,1.42,37440.375,0.000798231372384318,-10.82,0.00944157058831764,35.15,425,8809.5,12.822627235
"141","Haiti","H8","3",4,200.86,1.05022237466186,19.6315363347624,0.1023,1.52,19679.6,0.00136872978705774,-10.009,0.00796351586048439,33.08,400,4919.9,7.9369889258
"142","Haiti","H8","3",6,168.166666666667,0.808577091675602,22.0673747289749,0.1149,1.71,13521.0833333333,0.00168152244357717,-9.511,0.00676962730336906,37.44,325,4160.33333333333,6.64511087833335
"143","Bahamas","LH1","1",1,64.2714285714286,0.497093020310402,22.2701946919951,0.104,1.53,19286.65,0.00118419742189308,-9.13,0.00585110654379356,34.04,575,3354.2,2.53968742814286
"144","Bahamas","LH1","1",12,16.9,0.158039157276585,20.2356988812745,0.0766,1.54,8545.5,0.000197316495659037,-7.975,0.00639991953131247,35.06,675,1266,0.667804007
"145","Bahamas","LH1","1",2,20.0125,0.104473843385011,18.6101672678256,0.0872,1.42,4508.25,0.000560188262978289,-7.466,0.0098473665494118,35.23,375,1202.2,0.790794537875
"146","Bahamas","LH1","1",20,12.56,0.123749630407312,17.6485857015176,0.0671,1.28,4576.25,0.000496031746031746,-7.853,0.00663754851789771,35.62,700,653.75,0.4963087768
"147","Bahamas","LH1","1",3,14.85,0.1580834338677,19.5159834950516,0.0644,1.51,8516.25,0.000259049628157677,-8.222,0.00718188480892667,35.92,750,1135.5,0.5867981955
"148","Bahamas","LH1","1",4,24.76,0.237788426386112,17.6021194972492,0.0789,1.48,7990.5,0.000460829493087558,-7.58,0.00601030236774807,34.72,700,1141.5,0.9783921428
"149","Bahamas","LH1","1",6,15.1545454545455,0.126760825131971,17.2908781855254,0.0837,1.57,4863.6,0,-8.024,0.00858897441526819,35.28,600,810.6,0.598832318272729
"150","Bahamas","LH1","2",1,35.3125,0.260090829345016,18.1225768669892,0.1001,1.51,10363.1,0.00327023561532172,-8.121,0.00687304518332449,33.89,550,1884.2,1.395374496875
"151","Bahamas","LH1","2",12,19.8625,0.182077436733749,17.953097166285,0.0594,1.64,12545,0,-7.601,0.00715993742906239,35.69,650,1930,0.784867283375
"152","Bahamas","LH1","2",2,26.0111111111111,0.251219598913372,19.9270321624901,0.0938,1.45,8294.90625,0.000324675324675325,-8.578,0.00428124195041139,36.21,675,1228.875,1.02782983588889
"153","Bahamas","LH1","2",20,19.2,0.16374016847232,18.779219678244,0.0743,1.76,6613.5,0,-7.635,0.00514034293814163,35.97,600,1102.25,0.758688576
"154","Bahamas","LH1","2",3,28.42,0.265997842764836,20.7790335544232,0.0579,1.34,8469.5,0,-7.603,0.00820474986141417,36.44,650,1303,1.1230171526
"155","Bahamas","LH1","2",4,19.13,0.207680264409976,18.4896738731842,0.0787,1.45,8531.2,0.000495867768595041,-7.633,0.00772709812483642,35.45,775,1100.8,0.7559225239
"156","Bahamas","LH1","2",6,16.6444444444444,0.166940510509535,18.3752815367504,0.0731,1.4,11946.1875,0.00278407603795963,-8.227,0.00542380218679047,35.01,725,1647.75,0.657705721555554
"157","Bahamas","LH1","3",1,72.75,0.517815844450144,24.3963061997432,0.101,1.56,18192.3,0.00293962352928608,-9.158,0.0108518243943125,34.31,525,3465.2,2.8747184325
"158","Bahamas","LH1","3",12,16.65,0.0971114116393237,16.6128395898734,0.0758,1.47,4201.65625,0,-7.456,0.0050654620845814,34.73,425,988.625,0.6579252495
"159","Bahamas","LH1","3",2,27.925,0.231394977513675,21.2298136086806,0.0901,1.41,8479.5,0.000995226253284017,-7.901,0.00828567656876433,34.95,600,1413.25,1.10345721275
"160","Bahamas","LH1","3",20,17.67875,0.165464791090037,18.0104852205599,0.0821,1.5,7710.95,0.000360503174415395,-7.864,0.00476781388136601,36.44,650,1186.3,0.6985763366125
"161","Bahamas","LH1","3",3,59.4,0.614489202345645,23.3934789599645,0.0965,1.59,17588.5,8.19672131147541e-05,-8.645,0.00947493039693195,36.11,725,2426,2.347192782
"162","Bahamas","LH1","3",4,53.075,0.517420311348291,20.11070128569,0.0789,1.42,13126.05,0.000273410799726589,-7.888,0.00572203905862418,36.55,675,1944.6,2.09726021725
"163","Bahamas","LH1","3",6,15.7833333333333,0.126555361195394,20.8745667883376,0.0739,1.41,5722.6875,0.000981675392670157,-7.514,0.00449539567368532,35.29,575,995.25,0.623678890166665
"164","Bahamas","LH2","1",1,34.3371428571429,0.388539371692452,21.3876251640686,0.1587,1.5,13454.925,0.000739830699380854,-10.173,0.0075898626761156,34.71,825,1630.9,1.35683323011429
"165","Bahamas","LH2","1",12,20.5825,0.246160890946996,27.155790415469,0.0677,1.52,11179.21875,0.000621965311843258,-8.655,0.00229773716723398,34.59,875,1277.625,0.813318104975
"166","Bahamas","LH2","1",2,40.7228571428571,0.352507690656776,16.9548177632407,0.1147,1.49,17269.53125,0.000129802699896158,-8.267,0.00693421480339913,35.05,625,2763.125,1.60916492168571
"167","Bahamas","LH2","1",20,37.3183333333333,0.540881394103661,18.0502268872088,0.0754,1.53,16975.59375,0.000789141414141414,-8.873,0.00220755905303355,34.12,1075,1579.125,1.47463506121667
"168","Bahamas","LH2","1",3,23.23,0.274255774740047,18.8537825901578,0.0839,1.67,8643.65,0.00123822881186135,-8.589,0.00297971719807906,35.15,850,1016.9,0.9179341469
"169","Bahamas","LH2","1",4,20.16,0.163160340728112,17.6492676247561,0.0721,1.33,7316.15625,0,-8.072,0.0112041059228693,35.62,575,1272.375,0.7966230048
"170","Bahamas","LH2","1",6,27.2525,0.303164202120714,16.338089708657,0.0982,1.63,10968,0.000605322546029227,-9.31,0.00309959002610382,35.19,800,1371,1.076883355075
"171","Bahamas","LH2","2",1,49.7028571428571,0.346254943798411,20.4340691981179,0.145,1.54,14691,0.00178991431166841,-9.771,0.0120890373353641,35.26,500,2938.2,1.96400989108571
"172","Bahamas","LH2","2",12,29.2471428571429,0.225015126327562,15.947839606106,0.0575,1.43,12118.15,0.000336916132278454,-7.688,0.00316179930947409,35.4,550,2203.3,1.15570172741429
"173","Bahamas","LH2","2",2,63.9357142857143,0.479350615191533,16.3336717424033,0.1247,1.4,17822.175,0.000408506834190951,-8.733,0.00494090050665255,36.14,525,3394.7,2.52642166807143
"174","Bahamas","LH2","2",20,20.326,0.154568456170162,17.5872786917309,0.055,1.5,5968.875,0,-7.052,0.00192384569717823,34.99,550,1085.25,0.80318249978
"175","Bahamas","LH2","2",3,39.7385714285714,0.23297715917375,16.4626333452784,0.0874,1.38,9071.2,0.000361134504760409,-8.145,0.00714091055479613,34.91,425,2134.4,1.57027084215714
"176","Bahamas","LH2","2",4,38.545,0.227921514010292,18.0510878759774,0.101,1.29,6651.675,0,-8.505,0.0100129401392451,35.21,425,1565.1,1.52310683135
"177","Bahamas","LH2","2",6,23.0916666666667,0.181019944556417,15.5010065045876,0.065,1.29,12122.55,7.35835172921266e-05,-7.048,0.00442460472887539,36.07,550,2204.1,0.912467901083335
"178","Bahamas","LH2","3",1,120.572857142857,0.78280941413878,17.7078906578377,0.1394,1.51,31944.34375,0.000609547038789129,-9.354,0.00935820584213629,34.59,475,6725.125,4.76444006718571
"179","Bahamas","LH2","3",12,12.3183333333333,0.0797214399910654,17.5551759634459,0.0616,1.56,4609.4,0,-8.662,0.00427277497880981,34.48,475,970.4,0.486759311216665
"180","Bahamas","LH2","3",2,43.7142857142857,0.260250080208107,17.6183162749983,0.1021,1.34,13151.2,8.30564784053156e-05,-8.668,0.0083085548972704,35.45,425,3094.4,1.72737131142857
"181","Bahamas","LH2","3",20,19.12,0.162604601346192,17.8627807113356,0.0552,1.86,8158.8,0,-8.617,0.00127062004841597,35.87,600,1359.8,0.7555273736
"182","Bahamas","LH2","3",3,24.1833333333333,0.169524352220366,19.5652373407942,0.0894,1.41,7472.5,0.000391548919529055,-8.586,0.00338947735785293,35.48,500,1494.5,0.955605142166665
"183","Bahamas","LH2","3",4,9.49,0.0716714229320375,18.0899731719656,0.0717,1.47,4906.6875,0,-8.01,0.00698382972928237,34.75,550,892.125,0.3749976347
"184","Bahamas","LH2","3",6,13.0216666666667,0.154159644075407,19.057962450184,0.0764,1.53,6216.875,0.00180408163265306,-8.608,0.00241855244580159,34.24,875,710.5,0.514551548983335
"185","Bahamas","LH3","1",1,24.4728571428571,0.159163631545916,18.1757544259887,0.0833,1.46,5986.425,0.000521936471360585,-8.223,0.0125351836171835,34.65,475,1260.3,0.967045684185713
"186","Bahamas","LH3","1",12,6.5075,0.055203686312403,16.2997419511264,0.0665,1.39,4041,0,-7.821,0.00799142582429613,35.78,600,673.5,0.257144057725
"187","Bahamas","LH3","1",2,16.8328571428571,0.125394239181907,14.7819387910812,0.0641,1.23,6663,0.000518083710857502,-7.85,0.0110542965523707,31.42,600,1110.5,0.665150854985713
"188","Bahamas","LH3","1",20,7.98428571428571,0.0855547310896865,16.5716059291982,0.066,1.41,3914.525,0.000353982300884956,-8.608,0.0120514269267786,34.99,775,505.1,0.315499289528571
"189","Bahamas","LH3","1",3,25.036,0.166538474320407,17.7591026700121,0.0737,1.53,6327,0.000179083094555874,-7.929,0.0077607772779649,35.44,475,1332,0.98929829108
"190","Bahamas","LH3","1",4,13.3625,0.100975825982893,15.8456897406352,0.0597,1.56,5627.05,0,-7.707,0.0100585349801831,34.77,550,1023.1,0.528019588375
"191","Bahamas","LH3","1",6,11.32,0.101570713398972,18.8000546447874,0.0751,1.57,3674.025,0.000332225913621262,-8.65,0.0107989997531046,33.64,675,544.3,0.4473101396
"192","Bahamas","LH3","2",1,41.6142857142857,0.197811864787215,17.4331110255947,0.1009,1.49,6614.5625,0.000329606918443264,-8.089,0.0126525895673666,34.37,350,1889.875,1.64438974842857
"193","Bahamas","LH3","2",12,7.734,0.051999412529703,13.3176132777675,0.076,1.51,3128.125,0,-8.096,0.00793224103000895,34.03,500,625.625,0.30560924202
"194","Bahamas","LH3","2",2,30.3457142857143,0.22924619590681,19.8002216523455,0.0653,1.27,11666.6,0.000203471779202901,-7.546,0.0082740511057346,34.76,550,2121.2,1.19911181037143
"195","Bahamas","LH3","2",20,6.764,0.0529293916480476,15.4111929775453,0.0651,1.56,3023.925,0,-7.857,0.0132416699574298,34.44,575,525.9,0.26727966292
"196","Bahamas","LH3","2",3,18.8566666666667,0.124619749721453,19.1245712192637,0.0623,1.44,6085.34375,0,-7.741,0.0115460716316131,35.21,475,1281.125,0.745121749033335
"197","Bahamas","LH3","2",4,10.6885714285714,0.0909392196977408,12.6620239731778,0.0693,1.31,3916.40625,0.00137504005428534,-7.496,0.0107323559244866,34.45,625,626.625,0.422359220657142
"198","Bahamas","LH3","2",6,16.3633333333333,0.133418950345306,15.2209605634784,0.0656,1.51,6448.2,0,-7.891,0.00860146746044798,34.39,600,1074.7,0.646597607566665
"199","Bahamas","LH3","3",1,55.0371428571429,0.394725174727243,17.3051866365003,0.0895,1.79,14578.5,0.000795667912192588,-8.596,0.0194504116417921,36.3,500,2915.7,2.17479435111429
"200","Bahamas","LH3","3",12,14.15,0.103269932791777,15.8883935618197,0.0663,1.55,3917.025,0.000374181478016838,-8.289,0.00453064136108039,35.18,525,746.1,0.5591376745
"201","Bahamas","LH3","3",2,16.7716666666667,0.141718805791596,17.2272979586056,0.0676,1.4,5064.6,0.000210970464135021,-6.985,0.0120756770490213,35.64,600,844.1,0.662732911483335
"202","Bahamas","LH3","3",20,14.2666666666667,0.10139849109222,15.1042240878537,0.0593,1.57,3581.025,0,-7.715,0.00580509497266151,34.26,525,682.1,0.563747761333335
"203","Bahamas","LH3","3",3,12.4075,0.121286142916271,15.0622794726711,0.0742,1.25,5362,0,-7.781,0.0146680773139823,35.34,700,766,0.490282734725
"204","Bahamas","LH3","3",4,14.5042857142857,0.143231306083268,16.5275221907416,0.0626,1.47,5391.28125,0.000272182906913446,-7.979,0.0108141900343401,34.47,725,743.625,0.573137285128571
"205","Bahamas","LH3","3",6,19.0442857142857,0.169396686520463,16.798052719782,0.0726,1.51,6027.5625,0,-7.869,0.00637574283968635,35.31,637.5,945.5,0.752535521328571
"206","Bahamas","MOW1","1",1,52.7925,0.205892580496789,22.7506015843368,0.1395,1.87,7729.21875,0.00161292094719418,-8.025,0.0344442162248173,35.89,275,2810.625,2.086097221275
"207","Bahamas","MOW1","1",12,41.5328571428571,0.268897842066779,20.0979571456041,0.0889,1.47,12664.6875,0,-8.065,0.00843649250005396,36.41,450,2814.375,1.64117209598571
"208","Bahamas","MOW1","1",2,102.5,0.5052332463255,21.4687789846705,0.1097,1.59,15127.4375,0.000592701818466114,-8.074,0.0200104582440366,35.64,350,4322.125,4.050290575
"209","Bahamas","MOW1","1",20,38.6242857142857,0.21658487565715,19.9128975418465,0.0742,1.45,9570.575,0,-7.791,0.0105003839708973,33.39,425,2251.9,1.52623980872857
"210","Bahamas","MOW1","1",3,83.46,0.354592831896576,20.9857138910441,0.1195,1.51,13092.9,0.00046174755222019,-8.311,0.0179983768017368,35.84,300,4364.3,3.2979244038
"211","Bahamas","MOW1","1",4,48.0916666666667,0.310763197261658,21.7132058332526,0.1063,1.65,12485.7,0.000138628676000791,-7.921,0.0182705555891271,36.34,450,2774.6,1.90034365108333
"212","Bahamas","MOW1","1",6,55.8166666666667,0.271266406740922,19.2943363939291,0.0936,1.63,9780.4,6.03318250377074e-05,-7.595,0.0125177369715313,35.14,350,2794.4,2.20559725783333
"213","Bahamas","MOW1","2",1,75.402,0.537206066258418,22.1840435049216,0.1553,1.58,18996.875,0.00127285048025196,-7.78,0.0248167477897314,36.06,500,3799.375,2.97951229206
"214","Bahamas","MOW1","2",12,50.4975,0.421655123682745,20.8603949296831,0.0891,1.54,16846.78125,0,-8.047,0.00720745316411448,36.75,575,2929.875,1.995410227425
"215","Bahamas","MOW1","2",2,60.2928571428571,0.468048941218747,20.88620901634,0.1085,1.6,14581.35,0.000680485445448597,-8.727,0.00558701438105911,37.42,525,2777.4,2.38247405878571
"216","Bahamas","MOW1","2",20,55.6475,0.434780000147371,18.7315806348569,0.0873,1.84,14482.6,0,-8.151,0.0146468158107361,35.95,550,2633.2,2.198912631925
"217","Bahamas","MOW1","2",3,66.48,0.40694881620249,21.098138633701,0.0989,1.5,17360.1875,7.70594128072744e-05,-7.637,0.0125707668407779,36.45,425,4084.75,2.6269591944
"218","Bahamas","MOW1","2",4,45.2585714285714,0.309298238067078,21.7327733309098,0.0982,1.5,11749.125,0,-7.626,0.0201093536510154,36.41,475,2473.5,1.78839380775714
"219","Bahamas","MOW1","2",6,42.4,0.30909304512492,19.8782924109572,0.0896,1.47,14094.0625,0.000198688654877807,-8.326,0.0171388199307696,35.14,525,2684.58333333333,1.675437272
"220","Bahamas","MOW1","3",1,47.4283333333333,0.275947197817434,22.9124657204209,0.165,1.85,10609,0.000248715810799626,-8.795,0.0159332033323456,36.81,400,2652.25,1.87413201451667
"221","Bahamas","MOW1","3",12,47.2625,0.26624207726226,19.3349567925677,0.0797,1.48,9711,0.000603143312947912,-7.868,0.0114156081039165,35.64,400,2427.75,1.867579105375
"222","Bahamas","MOW1","3",2,38.1171428571429,0.330761529555738,21.6059260111453,0.1146,1.2,17999.25,0.000448898652997225,-8.164,0.0081422695666373,36.6,600,2999.875,1.50620004351429
"223","Bahamas","MOW1","3",20,38.6857142857143,0.262089984679972,20.2178800821466,0.0828,1.54,10338.5,0,-7.629,0.0104730355527223,34.29,500,2067.7,1.52866716057143
"224","Bahamas","MOW1","3",3,39.1942857142857,0.272562994603631,20.0871761442326,0.0872,1.54,14780.21875,0.000523202068338091,-8.195,0.00693082964493925,37.05,475,3111.625,1.54876337582857
"225","Bahamas","MOW1","3",4,55.0257142857143,0.421338702387611,22.7111809564715,0.1123,1.68,12680.0625,0.000373343289154377,-7.609,0.00782243224487544,36.91,525,2415.25,2.17434275077143
"226","Bahamas","MOW1","3",6,38.49,0.31116018105905,21.0738158695524,0.0989,1.53,9806.05,0,-7.91,0.00760731776097977,35.58,575,1705.4,1.5209335047
"227","Bahamas","MOW2","1",1,64.555,0.421739100283595,26.0321083276413,0.1429,1.77,12951,0.008099350692975,-7.793,0.0152908001614013,36.74,450,2878,2.55089276165
"228","Bahamas","MOW2","1",12,50.85,0.29191680994464,22.1375763021924,0.0883,1.62,9992.4,0,-7.801,0.00299791706329228,36.32,400,2498.1,2.0093392755
"229","Bahamas","MOW2","1",2,36.174,0.162163909294238,23.1465961516659,0.1126,1.1,5796,0.00332431052590033,-8.627,0.0216492609036144,37.8158703561897,300,1932,1.42941669522
"230","Bahamas","MOW2","1",20,53.2757142857143,0.430953741375644,21.1901461598317,0.0745,2.17,19077.85,0,-7.561,0.0123588448375107,37.22,550,3468.7,2.10519144827143
"231","Bahamas","MOW2","1",3,49.572,0.238351537692029,20.600206707375,0.0793,1.54,9056.775,0.000953412148277089,-7.084,0.0215932761776317,37.44,325,2786.7,1.95883906716
"232","Bahamas","MOW2","1",4,49.6242857142857,0.438139741934665,21.7904380790819,0.0982,1.51,16405.46875,9.26097425449157e-05,-7.671,0.00437708454744482,35.75,625,2624.875,1.96090513872857
"233","Bahamas","MOW2","1",6,51.0985714285714,0.290516968555874,22.7471183410096,0.0997,1.51,11241,0,-7.43,0.00364512548157527,35.97,400,2810.25,2.01916158295714
"234","Bahamas","MOW2","2",1,67.16,0.36994382042312,22.7654554872053,0.1349,1.83,12123,0.00302321667305174,-7.866,0.0209362885848673,34.85,400,3030.75,2.6538294148
"235","Bahamas","MOW2","2",12,44.59,0.223673940202577,19.3459094759371,0.073,1.39,9025.45,0,-7.546,0.00360977813531184,36.27,350,2578.7,1.7619751877
"236","Bahamas","MOW2","2",2,39.6816666666667,0.211918206923068,22.352240773026,0.117,1.27,8464.125,0.00385134384955034,-8.193,0.0132401706431484,36.04,375,2257.1,1.56802224878333
"237","Bahamas","MOW2","2",20,63.545,0.416383686552364,20.0359364617059,0.0781,1.34,15977.25,0,-7.887,0.00325410017871274,36.85,450,3550.5,2.51098258135
"238","Bahamas","MOW2","2",3,40.8533333333333,0.296675821023037,20.1224231182499,0.0864,1.59,10184,0.00017174753112924,-7.738,0.0127529861286432,38.69,475,2144,1.61432069226667
"239","Bahamas","MOW2","2",4,44.6671428571429,0.247103288602,23.7733665036431,0.0816,1.31,11895.5,0.000957497447153558,-7.595,0.00476885401321804,35,400,2973.875,1.76502349001429
"240","Bahamas","MOW2","2",6,46.416,0.2991923962983,21.7829954295316,0.071,1.39,11886.75,6.90131124913734e-05,-7.375,0.00343242718847269,36.25,450,2641.5,1.83412963248
"241","Bahamas","MOW2","3",1,54.0383333333333,0.178486592351938,24.8926104211601,0.1131,1.83,5110.03125,0.0037481082402972,-7.523,0.0142120321261244,37.15,225,2271.125,2.13532636281667
"242","Bahamas","MOW2","3",12,51.47,0.20185339586794,21.3434159439278,0.0809,1.58,7863.625,0,-6.986,0.00459923338101413,36.09,275,2859.5,2.0338385941
"243","Bahamas","MOW2","3",2,44.47,0.35479420641671,22.9461482073164,0.0988,1.53,12047.75,0.00133886039137639,-7.528,0.00851433529057083,36.71,550,2190.5,1.7572333841
"244","Bahamas","MOW2","3",20,53.46,0.412898789868988,21.4231365878762,0.0896,2.03,18122.34375,0.000307408545957578,-7.752,0.00530173848639134,37.23,525,3451.875,2.1124735038
"245","Bahamas","MOW2","3",3,30.115,0.122456448693147,21.8088572757011,0.1192,1.58,3471.1875,0.00129708021501086,-8.521,0.00514873655108273,37.42,275,1262.25,1.18999512845
"246","Bahamas","MOW2","3",4,56.0657142857143,0.451334645771174,21.407850723582,0.1005,1.5,19591.4,4.739336492891e-05,-7.076,0.0227522600177714,35.43,575,3407.2,2.21543838197143
"247","Bahamas","MOW2","3",6,34.0133333333333,0.17731219825127,20.4704812686453,0.0814,1.59,7791.5625,0,-8.082,0.00678161187752418,35.18,375,2077.75,1.34403788706667
"248","Bahamas","MOW3","1",1,62.852,0.381679442923261,23.0100018466442,0.13,1.68,11369.8125,0.000106292517006803,-7.87,0.00680755792651841,36.16,425,2675.25,2.48359866556
"249","Bahamas","MOW3","1",12,33.1366666666667,0.152603600807968,19.7074897592049,0.0903,1.11,5056.675,0,-7.415,0.00279486624586267,35.86,325,1555.9,1.30939637743333
"250","Bahamas","MOW3","1",2,36.634,0.349087198815173,22.012287083931,0.1034,1.65,13340.4375,0,-7.638,0.00876389362774308,37.1,650,2052.375,1.44759360902
"251","Bahamas","MOW3","1",20,47.682,0.226494351943897,22.0799132133136,0.087,1.74,7223.1,0.000392114700579864,-7.454,0.0111625863188509,40.07,300,2407.7,1.88415566046
"252","Bahamas","MOW3","1",3,37.515,0.250815742464388,19.60301191258,0.0953,1.55,8331.975,0,-7.3,0.00659634059859964,35.62,475,1754.1,1.48240635045
"253","Bahamas","MOW3","1",4,11.725,0.113554719573474,20.0590257850796,0.0985,1.53,8077.21875,0,-7.196,0.00214599693204513,36.31,675,1196.625,0.46331372675
"254","Bahamas","MOW3","1",6,52.3666666666667,0.350601657782208,21.4545953358097,0.072,1.48,16278.725,4.43754160195252e-05,-7.831,0.00560221786208774,35.67,475,3427.1,2.06927040433333
"255","Bahamas","MOW3","2",1,37.9225,0.284083537846864,21.9484246959266,0.1246,1.85,9461.8125,0.000305250305250305,-7.785,0.00475856326517658,36.11,525,1802.25,1.498508725175
"256","Bahamas","MOW3","2",12,39.0271428571429,0.300173484212897,19.0644918218754,0.092,2.18,10435.7,0,-7.023,0.00257846667887334,35.39,550,1897.4,1.54215872081429
"257","Bahamas","MOW3","2",2,30.995,0.203593243626715,20.4579929638417,0.1164,1.63,7561.6875,0.00101326118241952,-7.759,0.00224633389538025,36.94,450,1680.375,1.22476835485
"258","Bahamas","MOW3","2",20,49.6166666666667,0.42254938956152,18.7078317019381,0.0689,1.39,20091,0,-7.819,0.00813163046385782,35.92,600,3348.5,1.96060407183333
"259","Bahamas","MOW3","2",3,43.0733333333333,0.242643401032032,19.5445845836774,0.1177,1.67,6388,0,-7.503,0.00205239862966297,35.64,400,1597,1.70204405886667
"260","Bahamas","MOW3","2",4,55.0071428571429,0.488518600323161,20.0436124999033,0.0928,1.53,17925,0,-7.878,0.00508282403991278,35.96,625,2868,2.17360890021429
"261","Bahamas","MOW3","2",6,40.0225,0.286882338274945,20.2372009924419,0.1136,1.62,6719.375,0,-7.102,0.00288439731826892,36.28,500,1343.875,1.581490288175
"262","Bahamas","MOW3","3",1,39.235,0.236482147909192,19.7511822513798,0.1176,1.68,11309.25,0.000431514607585398,-8.125,0.00371230274108598,35.89,425,2661,1.55037220205
"263","Bahamas","MOW3","3",12,40.506,0.245131247563317,20.0436732441024,0.0847,1.26,10500.5,8.60585197934596e-05,-7.277,0.00776329680599744,30.63,500,2100.1,1.60059580518
"264","Bahamas","MOW3","3",2,43.5571428571429,0.329185104247658,23.1569433543555,0.1159,1.61,13387.5,0,-7.999,0.0055333829154866,36.43,525,2550,1.72116180671429
"265","Bahamas","MOW3","3",20,35.4875,0.39199954809059,20.6177185724751,0.0753,1.34,15892.34375,0,-8.097,0.00742297964751599,36.07,775,2050.625,1.402289627125
"266","Bahamas","MOW3","3",3,51.91,0.34296485466056,20.822766638431,0.1184,1.39,9996.375,0,-7.67,0.00549522719546954,35.2,475,2104.5,2.0512252073
"267","Bahamas","MOW3","3",4,35.928,0.291019933357227,21.6713181233601,0.1154,1.51,11757.6,0,-7.662,0.00414508408962394,35.65,575,2044.8,1.41969599784
"268","Bahamas","MOW3","3",6,18.67,0.16488614385735,21.3775443121256,0.0899,1.5,9311.875,0,-7.69,0.00363738209451526,35.76,625,1489.9,0.7377456101
